max_job,total_students,mean_votes,ratio
אשכול תפקידי מבצעים ומודיעין_אשכול תפקידי חיל האו,7252,0.15,0.56
"הדרכה ופיקוד בכלל הזרועות_מדריכת סימולטור בחה""",3392,0.07,0.26
אשכול תפקידי מקצועות המחשב_אשכול מקצועות המחשב,2906,0.06,0.23
הדרכה ופיקוד בכלל הזרועות_אשכול אימון גופני,2787,0.06,0.22
הדרכה ופיקוד בכלל הזרועות_מדריכת סימולטור בחיל,2434,0.05,0.19
"הדרכה ופיקוד בכלל הזרועות_מדריכת יח""ש",2031,0.04,0.16
תפקידי לחימה_באיזו מידה תרצי לשרת,1616,0.03,0.13
אשכול תפקידי חינוך הוראה והדרכה_אשכול תפקידי חונכות,1505,0.03,0.12
הדרכה ופיקוד בכלל הזרועות_מפקדת כיתת טירונים,1403,0.03,0.11
אשכול תפקידי רפואה_חובשת קדמית,1462,0.03,0.11
הדרכה ופיקוד בכלל הזרועות_מדריכת אימונים קרביי,1273,0.03,0.1
הדרכה ופיקוד בכלל הזרועות_מדריכת קרב מגע,1115,0.02,0.09
אשכול תפקידי רפואה_פרמדיקית,1129,0.02,0.09
אשכול תפקידי מבצעים ומודיעין_עובדת חדר מבצעים,1210,0.03,0.09
אשכול תפקידי פקידות וסיוע_חיילת במשרד הביטחון,755,0.02,0.06
אשכול אבחון כוח אדם_המערך הפסיכוטכני,822,0.02,0.06
הדרכה ופיקוד בכלל הזרועות_מדריכת הגנה אווירית,613,0.01,0.05
אשכול תפקידי פקידות וסיוע_שרטטת גרפיקאית,650,0.01,0.05
אשכול אבחון כוח אדם_מאבחנת מדעי התנהגות,665,0.01,0.05
אשכול תפקידי מקצועות המחשב_חיילת מקצועות המחשוב,605,0.01,0.05
תפקידי לחימה_לוחמת ימית,630,0.01,0.05
"אשכול דוברות וקישור_מש""קית קישור לכוחות",527,0.01,0.04
מסלול ייעודי לקצונה_קצינת תקשוב קרבי (קש,552,0.01,0.04
מסלול ייעודי לקצונה_קצינת תקשוב מערכתי,458,0.01,0.04
הדרכה ופיקוד בכלל הזרועות_מדריכת חיל התקשוב,525,0.01,0.04
אשכול תפקידי ארגון ומנהלה_מנהלה תעופה וסביבת,572,0.01,0.04
הדרכה ופיקוד בכלל הזרועות_מדריכת פיקוד העורף,562,0.01,0.04
אשכול תפקידי מבצעים ומודיעין_בקרית שליטה ימית,386,0.01,0.03
"אשכול תפקידי שיטור_חיילת משטרה (שח""ם)",340,0.01,0.03
אשכול תפקידי רפואה_מדריכת חיל הרפואה,439,0.01,0.03
אשכול תפקידי חינוך הוראה והדרכה_מורה חיילת,364,0.01,0.03
אשכול תפקידי מבצעים ומודיעין_רכזת ביטחון מידע,418,0.01,0.03
הדרכה ופיקוד בכלל הזרועות_מדריכת erp,215,0.0,0.02
אשכול תפקידי שיטור_סיירת משמר הגבול (מג,194,0.0,0.02
"אשכול תפקידי ניהול משאבי אנוש_מש""קית משא""ן סדיר",308,0.01,0.02
אשכול תפקידי מקצועות המחשב_חיילת מקצועות התקשוב,319,0.01,0.02
"אשכול מקצועות טכניים טכנולוגיים_מפעילת קש""ב טקטי",199,0.0,0.02
אשכול תפקידי חינוך הוראה והדרכה_מדריכת נוער בסיס,195,0.0,0.02
אשכול מקצועות טכניים טכנולוגיים_מנוענית/ימאית,247,0.01,0.02
"הדרכה ופיקוד בכלל הזרועות_מדריכת שו""ב",312,0.01,0.02
תפקידי לחימה_חובלים,213,0.0,0.02
"אשכול תפקידי רפואה_מש""קית שירותי רפואה",191,0.0,0.01
הדרכה ופיקוד בכלל הזרועות_חונכת מקצועית,181,0.0,0.01
אשכול תפקידי רפואה_סייעת רופא שיניים,146,0.0,0.01
אשכול תפקידי רפואה_עובדת מעבדה רפואית,102,0.0,0.01
אשכול תפקידי פקידות וסיוע_רשמת משפטית,166,0.0,0.01
אשכול תפקידי שיטור_שוטרת צבאית,108,0.0,0.01
אשכול תפקידי שיטור_אבטחת אישים בכירים,109,0.0,0.01
הדרכה ופיקוד בכלל הזרועות_מדריכה בחיל הטכנולוג,68,0.0,0.01
אשכול תפקידי שיטור_חיילת בשירות בתי הסו,182,0.0,0.01
אשכול תפקידי פקידות וסיוע_פקידה,93,0.0,0.01
"אשכול תפקידי פקידות וסיוע_מש""קית מתנדבים",154,0.0,0.01
אשכול תפקידי שיטור_לוחמת מעברים,90,0.0,0.01
אשכול תפקידי ארגון ומנהלה_טכנאית אופטית,65,0.0,0.01
אשכול תפקידי ניהול משאבי אנוש_רכזת מידע,110,0.0,0.01
אשכול מקצועות טכניים טכנולוגיים_המערך הטכני בחיל הטכ,86,0.0,0.01
"אשכול תפקידי ניהול משאבי אנוש_מש""קית משא""ן מילואים",88,0.0,0.01
אשכול תפקידי לוגיסטיקה ואחזקה_טכנאית אופטית,69,0.0,0.01
אשכול תפקידי מבצעים ומודיעין_תצפיתנית בחיל האיסוף,121,0.0,0.01
מסלול ייעודי לקצונה_קצינה בחיל הטכנולוגי,116,0.0,0.01
מסלול ייעודי לקצונה_קצינת מנהלה בחיל האו,11,0.0,0.0
"אשכול אבחון כוח אדם_מראיינת גחל""ת",9,0.0,0.0
אשכול תפקידי שיטור_רכזת מודיעין וחקירות,28,0.0,0.0
מסלול ייעודי לקצונה_קצינת שלישות בחיל מש,4,0.0,0.0
מסלול ייעודי לקצונה_קצינת פיקוד העורף,8,0.0,0.0
"אשכול דוברות וקישור_מש""קית דוברות",18,0.0,0.0
"מסלול ייעודי לקצונה_קצינת לוגיסטיקה (""חץ",2,0.0,0.0
"אשכול מקצועות טכניים טכנולוגיים_מיזמי אלקטרוניקה (ח""",14,0.0,0.0
הדרכה ופיקוד בכלל הזרועות_מדריכת שר-אל,45,0.0,0.0
אשכול דוברות וקישור_נציגת שירות,13,0.0,0.0
הדרכה ופיקוד בכלל הזרועות_מדריכת חיל הלוגיסטיק,52,0.0,0.0
אשכול מקצועות טכניים טכנולוגיים_המערך הטכני בחיל האו,51,0.0,0.0
אשכול מקצועות תקשורת_המערך הטכני בחיל האו,23,0.0,0.0
אשכול תפקידי שיטור_אופנוענית שוטרת,6,0.0,0.0
אשכול מקצועות תקשורת_אחראית תקשורת ימית מ,8,0.0,0.0
אשכול תפקידי חינוך הוראה והדרכה_רכזת חינוך וידיעת הא,3,0.0,0.0
אשכול תפקידי לוגיסטיקה ואחזקה_אחראית ניהול מלאי,35,0.0,0.0
אשכול תפקידי לוגיסטיקה ואחזקה_בודקת ציוד אלקטרוניק,18,0.0,0.0
אשכול תפקידי לוגיסטיקה ואחזקה_בוחנת תחמושת,24,0.0,0.0
אשכול תפקידי לוגיסטיקה ואחזקה_מאחזקת מצנחים,14,0.0,0.0
אשכול תפקידי לוגיסטיקה ואחזקה_מאחזקת נשק קל,47,0.0,0.0
"אשכול תפקידי לוגיסטיקה ואחזקה_מש""קית לוגיסטיקה",59,0.0,0.0
אשכול תפקידי לוגיסטיקה ואחזקה_משגיחת כשרות,30,0.0,0.0
אשכול תפקידי לוגיסטיקה ואחזקה_נהגת בטחון שוטף,29,0.0,0.0
אשכול תפקידי לוגיסטיקה ואחזקה_ספקית אגף הטכנולוגיה,18,0.0,0.0
אשכול תפקידי ארגון ומנהלה_נהגת רכב קל,53,0.0,0.0
אשכול תפקידי מבצעים ומודיעין_בקרית איסוף קרבי (שח,35,0.0,0.0
אשכול תפקידי מבצעים ומודיעין_חוקרת מודיעין ימי,32,0.0,0.0
אשכול תפקידי ארגון ומנהלה_נהגת בטחון שוטף,63,0.0,0.0
אשכול תפקידי ארגון ומנהלה_מערך המנהלה בחיל המו,10,0.0,0.0
"אשכול תפקידי ניהול משאבי אנוש_מש""קית נפגעים",8,0.0,0.0
"אשכול תפקידי ניהול משאבי אנוש_מש""קית תכנון כ""א",2,0.0,0.0
"אשכול תפקידי ניהול משאבי אנוש_רכזת ג""ל (גיוס לצה""ל",23,0.0,0.0
אשכול תפקידי ארגון ומנהלה_מאבטחת מתקנים,24,0.0,0.0
אשכול תפקידי ניהול משאבי אנוש_רכזת תנאי שירות,28,0.0,0.0
"אשכול תפקידי פקידות וסיוע_מש""קית מטה",55,0.0,0.0
אשכול תפקידי פקידות וסיוע_נציגת שירות,31,0.0,0.0
אשכול תפקידי פקידות וסיוע_פקידת לשכה (מזכירה),4,0.0,0.0
אשכול תפקידי ארגון ומנהלה_בוחנת תחמושת,20,0.0,0.0
אשכול תפקידי רפואה_חובשת,13,0.0,0.0
אשכול תפקידי ניהול משאבי אנוש_רכזת פניות ציבור,18,0.0,0.0
