max_job,total_students,mean_votes,ratio
אשכול תפקידי מקצועות המחשב_אשכול מקצועות המחשב,896,0.17,0.72
אשכול תפקידי מבצעים ומודיעין_אשכול תפקידי חיל האו,751,0.15,0.6
אשכול תפקידי מקצועות המחשב_חיילת מקצועות המחשוב,393,0.08,0.32
"הדרכה ופיקוד בכלל הזרועות_מדריכת סימולטור בחה""",277,0.05,0.22
הדרכה ופיקוד בכלל הזרועות_מדריכת חיל התקשוב,169,0.03,0.14
מסלול ייעודי לקצונה_קצינת תקשוב מערכתי,158,0.03,0.13
אשכול תפקידי מקצועות המחשב_חיילת מקצועות התקשוב,155,0.03,0.12
הדרכה ופיקוד בכלל הזרועות_מדריכת סימולטור בחיל,139,0.03,0.11
הדרכה ופיקוד בכלל הזרועות_אשכול אימון גופני,136,0.03,0.11
אשכול תפקידי מבצעים ומודיעין_עובדת חדר מבצעים,122,0.02,0.1
אשכול תפקידי רפואה_חובשת קדמית,117,0.02,0.09
אשכול אבחון כוח אדם_המערך הפסיכוטכני,98,0.02,0.08
אשכול תפקידי מבצעים ומודיעין_רכזת ביטחון מידע,104,0.02,0.08
אשכול תפקידי פקידות וסיוע_שרטטת גרפיקאית,99,0.02,0.08
אשכול תפקידי פקידות וסיוע_חיילת במשרד הביטחון,90,0.02,0.07
אשכול תפקידי חינוך הוראה והדרכה_אשכול תפקידי חונכות,75,0.01,0.06
אשכול תפקידי רפואה_פרמדיקית,69,0.01,0.06
הדרכה ופיקוד בכלל הזרועות_מדריכת קרב מגע,71,0.01,0.06
מסלול ייעודי לקצונה_קצינת תקשוב קרבי (קש,77,0.01,0.06
אשכול תפקידי ארגון ומנהלה_מנהלה תעופה וסביבת,65,0.01,0.05
הדרכה ופיקוד בכלל הזרועות_מדריכת אימונים קרביי,58,0.01,0.05
אשכול אבחון כוח אדם_מאבחנת מדעי התנהגות,67,0.01,0.05
"הדרכה ופיקוד בכלל הזרועות_מדריכת יח""ש",60,0.01,0.05
תפקידי לחימה_באיזו מידה תרצי לשרת,68,0.01,0.05
הדרכה ופיקוד בכלל הזרועות_מדריכת erp,53,0.01,0.04
הדרכה ופיקוד בכלל הזרועות_מפקדת כיתת טירונים,54,0.01,0.04
אשכול תפקידי רפואה_מדריכת חיל הרפואה,41,0.01,0.03
אשכול תפקידי מבצעים ומודיעין_בקרית שליטה ימית,42,0.01,0.03
תפקידי לחימה_לוחמת ימית,37,0.01,0.03
"אשכול דוברות וקישור_מש""קית קישור לכוחות",40,0.01,0.03
"אשכול מקצועות טכניים טכנולוגיים_מפעילת קש""ב טקטי",32,0.01,0.03
הדרכה ופיקוד בכלל הזרועות_מדריכת פיקוד העורף,25,0.0,0.02
"אשכול תפקידי ניהול משאבי אנוש_מש""קית משא""ן סדיר",20,0.0,0.02
"אשכול תפקידי שיטור_חיילת משטרה (שח""ם)",25,0.0,0.02
הדרכה ופיקוד בכלל הזרועות_מדריכת הגנה אווירית,28,0.01,0.02
אשכול תפקידי רפואה_סייעת רופא שיניים,21,0.0,0.02
אשכול תפקידי פקידות וסיוע_רשמת משפטית,23,0.0,0.02
אשכול מקצועות טכניים טכנולוגיים_מנוענית/ימאית,21,0.0,0.02
הדרכה ופיקוד בכלל הזרועות_מדריכה בחיל הטכנולוג,19,0.0,0.02
אשכול תפקידי חינוך הוראה והדרכה_מורה חיילת,21,0.0,0.02
"הדרכה ופיקוד בכלל הזרועות_מדריכת שו""ב",27,0.01,0.02
הדרכה ופיקוד בכלל הזרועות_חונכת מקצועית,26,0.01,0.02
מסלול ייעודי לקצונה_קצינה בחיל הטכנולוגי,26,0.01,0.02
אשכול תפקידי מבצעים ומודיעין_תצפיתנית בחיל האיסוף,12,0.0,0.01
אשכול תפקידי שיטור_חיילת בשירות בתי הסו,9,0.0,0.01
"אשכול תפקידי לוגיסטיקה ואחזקה_מש""קית לוגיסטיקה",10,0.0,0.01
אשכול תפקידי רפואה_עובדת מעבדה רפואית,13,0.0,0.01
אשכול תפקידי שיטור_לוחמת מעברים,9,0.0,0.01
"אשכול תפקידי רפואה_מש""קית שירותי רפואה",14,0.0,0.01
אשכול תפקידי ניהול משאבי אנוש_רכזת מידע,18,0.0,0.01
אשכול תפקידי שיטור_סיירת משמר הגבול (מג,8,0.0,0.01
אשכול תפקידי חינוך הוראה והדרכה_מדריכת נוער בסיס,9,0.0,0.01
תפקידי לחימה_חובלים,16,0.0,0.01
אשכול תפקידי לוגיסטיקה ואחזקה_טכנאית אופטית,10,0.0,0.01
אשכול תפקידי שיטור_שוטרת צבאית,9,0.0,0.01
אשכול תפקידי ארגון ומנהלה_טכנאית אופטית,11,0.0,0.01
"אשכול תפקידי פקידות וסיוע_מש""קית מתנדבים",10,0.0,0.01
"אשכול תפקידי פקידות וסיוע_מש""קית מטה",10,0.0,0.01
אשכול מקצועות טכניים טכנולוגיים_המערך הטכני בחיל הטכ,17,0.0,0.01
אשכול מקצועות טכניים טכנולוגיים_המערך הטכני בחיל האו,8,0.0,0.01
אשכול תפקידי ארגון ומנהלה_בוחנת תחמושת,3,0.0,0.0
הדרכה ופיקוד בכלל הזרועות_מדריכת שר-אל,6,0.0,0.0
הדרכה ופיקוד בכלל הזרועות_מדריכת חיל הלוגיסטיק,4,0.0,0.0
אשכול מקצועות תקשורת_המערך הטכני בחיל האו,5,0.0,0.0
"אשכול דוברות וקישור_מש""קית דוברות",1,0.0,0.0
אשכול מקצועות תקשורת_אחראית תקשורת ימית מ,3,0.0,0.0
אשכול דוברות וקישור_נציגת שירות,2,0.0,0.0
"אשכול מקצועות טכניים טכנולוגיים_מיזמי אלקטרוניקה (ח""",2,0.0,0.0
מסלול ייעודי לקצונה_קצינת מנהלה בחיל האו,2,0.0,0.0
אשכול תפקידי לוגיסטיקה ואחזקה_נהגת בטחון שוטף,1,0.0,0.0
אשכול תפקידי ארגון ומנהלה_מאבטחת מתקנים,2,0.0,0.0
אשכול תפקידי שיטור_רכזת מודיעין וחקירות,3,0.0,0.0
אשכול תפקידי שיטור_אבטחת אישים בכירים,6,0.0,0.0
אשכול תפקידי מבצעים ומודיעין_בקרית איסוף קרבי (שח,1,0.0,0.0
אשכול תפקידי מבצעים ומודיעין_חוקרת מודיעין ימי,5,0.0,0.0
אשכול תפקידי לוגיסטיקה ואחזקה_מאחזקת נשק קל,1,0.0,0.0
אשכול תפקידי לוגיסטיקה ואחזקה_מאחזקת מצנחים,2,0.0,0.0
אשכול תפקידי לוגיסטיקה ואחזקה_בוחנת תחמושת,1,0.0,0.0
אשכול תפקידי לוגיסטיקה ואחזקה_בודקת ציוד אלקטרוניק,4,0.0,0.0
"אשכול תפקידי ניהול משאבי אנוש_מש""קית משא""ן מילואים",5,0.0,0.0
"אשכול תפקידי ניהול משאבי אנוש_רכזת ג""ל (גיוס לצה""ל",1,0.0,0.0
אשכול תפקידי ניהול משאבי אנוש_רכזת פניות ציבור,1,0.0,0.0
אשכול תפקידי לוגיסטיקה ואחזקה_אחראית ניהול מלאי,1,0.0,0.0
אשכול תפקידי פקידות וסיוע_נציגת שירות,1,0.0,0.0
אשכול תפקידי פקידות וסיוע_פקידה,2,0.0,0.0
אשכול תפקידי פקידות וסיוע_פקידת לשכה (מזכירה),1,0.0,0.0
אשכול תפקידי רפואה_חובשת,1,0.0,0.0
אשכול תפקידי ארגון ומנהלה_נהגת רכב קל,4,0.0,0.0
אשכול תפקידי ארגון ומנהלה_נהגת בטחון שוטף,4,0.0,0.0
אשכול תפקידי לוגיסטיקה ואחזקה_משגיחת כשרות,2,0.0,0.0
אשכול תפקידי ניהול משאבי אנוש_רכזת תנאי שירות,1,0.0,0.0
