max_job,total_students,mean_votes,ratio
אשכול תפקידי מבצעים ומודיעין_אשכול תפקידי חיל האו,2655,0.15,0.53
"הדרכה ופיקוד בכלל הזרועות_מדריכת סימולטור בחה""",1370,0.08,0.27
הדרכה ופיקוד בכלל הזרועות_אשכול אימון גופני,1250,0.07,0.25
הדרכה ופיקוד בכלל הזרועות_מדריכת סימולטור בחיל,1083,0.06,0.22
"הדרכה ופיקוד בכלל הזרועות_מדריכת יח""ש",1065,0.06,0.21
תפקידי לחימה_באיזו מידה תרצי לשרת,771,0.04,0.15
אשכול תפקידי חינוך הוראה והדרכה_אשכול תפקידי חונכות,712,0.04,0.14
הדרכה ופיקוד בכלל הזרועות_מפקדת כיתת טירונים,636,0.04,0.13
אשכול תפקידי רפואה_חובשת קדמית,600,0.03,0.12
הדרכה ופיקוד בכלל הזרועות_מדריכת אימונים קרביי,592,0.03,0.12
הדרכה ופיקוד בכלל הזרועות_מדריכת קרב מגע,485,0.03,0.1
אשכול תפקידי מקצועות המחשב_אשכול מקצועות המחשב,519,0.03,0.1
אשכול תפקידי רפואה_פרמדיקית,464,0.03,0.09
אשכול תפקידי מבצעים ומודיעין_עובדת חדר מבצעים,448,0.03,0.09
הדרכה ופיקוד בכלל הזרועות_מדריכת הגנה אווירית,283,0.02,0.06
תפקידי לחימה_לוחמת ימית,283,0.02,0.06
אשכול תפקידי פקידות וסיוע_חיילת במשרד הביטחון,253,0.01,0.05
אשכול אבחון כוח אדם_מאבחנת מדעי התנהגות,268,0.02,0.05
אשכול אבחון כוח אדם_המערך הפסיכוטכני,260,0.01,0.05
הדרכה ופיקוד בכלל הזרועות_מדריכת פיקוד העורף,223,0.01,0.04
אשכול תפקידי פקידות וסיוע_שרטטת גרפיקאית,199,0.01,0.04
מסלול ייעודי לקצונה_קצינת תקשוב קרבי (קש,211,0.01,0.04
אשכול תפקידי ארגון ומנהלה_מנהלה תעופה וסביבת,189,0.01,0.04
"אשכול דוברות וקישור_מש""קית קישור לכוחות",201,0.01,0.04
אשכול תפקידי רפואה_מדריכת חיל הרפואה,162,0.01,0.03
אשכול תפקידי חינוך הוראה והדרכה_מורה חיילת,147,0.01,0.03
"אשכול תפקידי שיטור_חיילת משטרה (שח""ם)",142,0.01,0.03
אשכול תפקידי מבצעים ומודיעין_בקרית שליטה ימית,129,0.01,0.03
"הדרכה ופיקוד בכלל הזרועות_מדריכת שו""ב",131,0.01,0.03
אשכול תפקידי מבצעים ומודיעין_רכזת ביטחון מידע,107,0.01,0.02
אשכול מקצועות טכניים טכנולוגיים_מנוענית/ימאית,95,0.01,0.02
"אשכול תפקידי ניהול משאבי אנוש_מש""קית משא""ן סדיר",108,0.01,0.02
"אשכול תפקידי רפואה_מש""קית שירותי רפואה",82,0.0,0.02
הדרכה ופיקוד בכלל הזרועות_מדריכת חיל התקשוב,96,0.01,0.02
אשכול תפקידי שיטור_חיילת בשירות בתי הסו,89,0.01,0.02
תפקידי לחימה_חובלים,105,0.01,0.02
אשכול תפקידי חינוך הוראה והדרכה_מדריכת נוער בסיס,81,0.0,0.02
אשכול תפקידי שיטור_סיירת משמר הגבול (מג,107,0.01,0.02
הדרכה ופיקוד בכלל הזרועות_חונכת מקצועית,55,0.0,0.01
אשכול תפקידי פקידות וסיוע_רשמת משפטית,52,0.0,0.01
אשכול תפקידי פקידות וסיוע_פקידה,39,0.0,0.01
"אשכול תפקידי פקידות וסיוע_מש""קית מתנדבים",59,0.0,0.01
"אשכול מקצועות טכניים טכנולוגיים_מפעילת קש""ב טקטי",61,0.0,0.01
אשכול תפקידי ארגון ומנהלה_נהגת בטחון שוטף,25,0.0,0.01
אשכול תפקידי רפואה_סייעת רופא שיניים,49,0.0,0.01
אשכול תפקידי רפואה_עובדת מעבדה רפואית,30,0.0,0.01
אשכול תפקידי שיטור_שוטרת צבאית,51,0.0,0.01
אשכול תפקידי שיטור_אבטחת אישים בכירים,34,0.0,0.01
הדרכה ופיקוד בכלל הזרועות_מדריכת erp,49,0.0,0.01
אשכול תפקידי שיטור_לוחמת מעברים,38,0.0,0.01
מסלול ייעודי לקצונה_קצינת תקשוב מערכתי,71,0.0,0.01
"אשכול תפקידי ניהול משאבי אנוש_מש""קית משא""ן מילואים",35,0.0,0.01
אשכול תפקידי מבצעים ומודיעין_תצפיתנית בחיל האיסוף,51,0.0,0.01
"אשכול תפקידי לוגיסטיקה ואחזקה_מש""קית לוגיסטיקה",25,0.0,0.01
"אשכול מקצועות טכניים טכנולוגיים_מיזמי אלקטרוניקה (ח""",2,0.0,0.0
"מסלול ייעודי לקצונה_קצינת לוגיסטיקה (""חץ",1,0.0,0.0
"אשכול אבחון כוח אדם_מראיינת גחל""ת",2,0.0,0.0
אשכול תפקידי שיטור_רכזת מודיעין וחקירות,6,0.0,0.0
מסלול ייעודי לקצונה_קצינת שלישות בחיל מש,2,0.0,0.0
מסלול ייעודי לקצונה_קצינת פיקוד העורף,2,0.0,0.0
מסלול ייעודי לקצונה_קצינת מנהלה בחיל האו,3,0.0,0.0
מסלול ייעודי לקצונה_קצינה בחיל הטכנולוגי,19,0.0,0.0
הדרכה ופיקוד בכלל הזרועות_מדריכת חיל הלוגיסטיק,16,0.0,0.0
"אשכול דוברות וקישור_מש""קית דוברות",7,0.0,0.0
הדרכה ופיקוד בכלל הזרועות_מדריכת שר-אל,18,0.0,0.0
אשכול דוברות וקישור_נציגת שירות,3,0.0,0.0
אשכול מקצועות טכניים טכנולוגיים_המערך הטכני בחיל האו,22,0.0,0.0
הדרכה ופיקוד בכלל הזרועות_מדריכה בחיל הטכנולוג,14,0.0,0.0
אשכול מקצועות טכניים טכנולוגיים_המערך הטכני בחיל הטכ,15,0.0,0.0
אשכול תפקידי ארגון ומנהלה_נהגת רכב קל,21,0.0,0.0
אשכול מקצועות תקשורת_המערך הטכני בחיל האו,7,0.0,0.0
אשכול תפקידי שיטור_אופנוענית שוטרת,3,0.0,0.0
אשכול מקצועות תקשורת_אחראית תקשורת ימית מ,2,0.0,0.0
אשכול תפקידי חינוך הוראה והדרכה_רכזת חינוך וידיעת הא,1,0.0,0.0
אשכול תפקידי לוגיסטיקה ואחזקה_אחראית ניהול מלאי,14,0.0,0.0
אשכול תפקידי לוגיסטיקה ואחזקה_בודקת ציוד אלקטרוניק,2,0.0,0.0
אשכול תפקידי לוגיסטיקה ואחזקה_בוחנת תחמושת,6,0.0,0.0
אשכול תפקידי לוגיסטיקה ואחזקה_טכנאית אופטית,17,0.0,0.0
אשכול תפקידי לוגיסטיקה ואחזקה_מאחזקת מצנחים,8,0.0,0.0
אשכול תפקידי לוגיסטיקה ואחזקה_מאחזקת נשק קל,19,0.0,0.0
אשכול תפקידי לוגיסטיקה ואחזקה_משגיחת כשרות,16,0.0,0.0
אשכול תפקידי לוגיסטיקה ואחזקה_נהגת בטחון שוטף,17,0.0,0.0
אשכול תפקידי לוגיסטיקה ואחזקה_ספקית אגף הטכנולוגיה,7,0.0,0.0
אשכול תפקידי ארגון ומנהלה_מערך המנהלה בחיל המו,2,0.0,0.0
אשכול תפקידי מבצעים ומודיעין_בקרית איסוף קרבי (שח,11,0.0,0.0
אשכול תפקידי מבצעים ומודיעין_חוקרת מודיעין ימי,9,0.0,0.0
אשכול תפקידי ארגון ומנהלה_מאבטחת מתקנים,7,0.0,0.0
אשכול תפקידי מקצועות המחשב_חיילת מקצועות התקשוב,24,0.0,0.0
"אשכול תפקידי ניהול משאבי אנוש_מש""קית נפגעים",4,0.0,0.0
"אשכול תפקידי ניהול משאבי אנוש_רכזת ג""ל (גיוס לצה""ל",6,0.0,0.0
אשכול תפקידי ניהול משאבי אנוש_רכזת מידע,22,0.0,0.0
אשכול תפקידי ניהול משאבי אנוש_רכזת פניות ציבור,4,0.0,0.0
אשכול תפקידי ארגון ומנהלה_טכנאית אופטית,20,0.0,0.0
אשכול תפקידי ארגון ומנהלה_בוחנת תחמושת,7,0.0,0.0
"אשכול תפקידי פקידות וסיוע_מש""קית מטה",14,0.0,0.0
אשכול תפקידי פקידות וסיוע_נציגת שירות,10,0.0,0.0
אשכול תפקידי פקידות וסיוע_פקידת לשכה (מזכירה),1,0.0,0.0
אשכול תפקידי רפואה_חובשת,5,0.0,0.0
אשכול תפקידי ניהול משאבי אנוש_רכזת תנאי שירות,14,0.0,0.0
