max_job,total_students,mean_votes,ratio
אשכול תפקידי מבצעים ומודיעין_אשכול תפקידי חיל האו,1603,0.17,0.7
אשכול תפקידי מקצועות המחשב_אשכול מקצועות המחשב,1458,0.16,0.63
"הדרכה ופיקוד בכלל הזרועות_מדריכת סימולטור בחה""",543,0.06,0.24
הדרכה ופיקוד בכלל הזרועות_אשכול אימון גופני,470,0.05,0.2
הדרכה ופיקוד בכלל הזרועות_מדריכת סימולטור בחיל,356,0.04,0.15
אשכול תפקידי רפואה_חובשת קדמית,275,0.03,0.12
"הדרכה ופיקוד בכלל הזרועות_מדריכת יח""ש",283,0.03,0.12
אשכול תפקידי רפואה_פרמדיקית,225,0.02,0.1
אשכול אבחון כוח אדם_המערך הפסיכוטכני,211,0.02,0.09
אשכול תפקידי מקצועות המחשב_חיילת מקצועות המחשוב,216,0.02,0.09
אשכול תפקידי חינוך הוראה והדרכה_אשכול תפקידי חונכות,198,0.02,0.09
הדרכה ופיקוד בכלל הזרועות_מדריכת קרב מגע,203,0.02,0.09
אשכול תפקידי מבצעים ומודיעין_עובדת חדר מבצעים,185,0.02,0.08
הדרכה ופיקוד בכלל הזרועות_מדריכת חיל התקשוב,174,0.02,0.08
הדרכה ופיקוד בכלל הזרועות_מפקדת כיתת טירונים,177,0.02,0.08
מסלול ייעודי לקצונה_קצינת תקשוב מערכתי,183,0.02,0.08
תפקידי לחימה_באיזו מידה תרצי לשרת,190,0.02,0.08
מסלול ייעודי לקצונה_קצינת תקשוב קרבי (קש,151,0.02,0.07
הדרכה ופיקוד בכלל הזרועות_מדריכת אימונים קרביי,157,0.02,0.07
אשכול תפקידי פקידות וסיוע_שרטטת גרפיקאית,141,0.02,0.06
אשכול אבחון כוח אדם_מאבחנת מדעי התנהגות,140,0.01,0.06
הדרכה ופיקוד בכלל הזרועות_מדריכת הגנה אווירית,119,0.01,0.05
אשכול תפקידי פקידות וסיוע_חיילת במשרד הביטחון,120,0.01,0.05
אשכול תפקידי מקצועות המחשב_חיילת מקצועות התקשוב,119,0.01,0.05
אשכול תפקידי מבצעים ומודיעין_רכזת ביטחון מידע,110,0.01,0.05
תפקידי לחימה_לוחמת ימית,112,0.01,0.05
אשכול תפקידי ארגון ומנהלה_מנהלה תעופה וסביבת,89,0.01,0.04
אשכול תפקידי רפואה_מדריכת חיל הרפואה,84,0.01,0.04
"אשכול דוברות וקישור_מש""קית קישור לכוחות",89,0.01,0.04
הדרכה ופיקוד בכלל הזרועות_מדריכת פיקוד העורף,64,0.01,0.03
"אשכול מקצועות טכניים טכנולוגיים_מפעילת קש""ב טקטי",60,0.01,0.03
הדרכה ופיקוד בכלל הזרועות_מדריכת erp,58,0.01,0.03
"הדרכה ופיקוד בכלל הזרועות_מדריכת שו""ב",64,0.01,0.03
אשכול מקצועות טכניים טכנולוגיים_מנוענית/ימאית,39,0.0,0.02
אשכול תפקידי מבצעים ומודיעין_בקרית שליטה ימית,56,0.01,0.02
מסלול ייעודי לקצונה_קצינה בחיל הטכנולוגי,38,0.0,0.02
תפקידי לחימה_חובלים,48,0.01,0.02
אשכול תפקידי חינוך הוראה והדרכה_מורה חיילת,40,0.0,0.02
אשכול מקצועות טכניים טכנולוגיים_המערך הטכני בחיל הטכ,18,0.0,0.01
"אשכול תפקידי שיטור_חיילת משטרה (שח""ם)",27,0.0,0.01
אשכול תפקידי רפואה_סייעת רופא שיניים,23,0.0,0.01
אשכול תפקידי רפואה_עובדת מעבדה רפואית,16,0.0,0.01
אשכול תפקידי שיטור_אבטחת אישים בכירים,20,0.0,0.01
אשכול תפקידי שיטור_שוטרת צבאית,17,0.0,0.01
אשכול תפקידי שיטור_לוחמת מעברים,13,0.0,0.01
הדרכה ופיקוד בכלל הזרועות_חונכת מקצועית,22,0.0,0.01
הדרכה ופיקוד בכלל הזרועות_מדריכה בחיל הטכנולוג,22,0.0,0.01
אשכול תפקידי פקידות וסיוע_רשמת משפטית,31,0.0,0.01
"אשכול תפקידי רפואה_מש""קית שירותי רפואה",15,0.0,0.01
אשכול תפקידי ניהול משאבי אנוש_רכזת מידע,25,0.0,0.01
אשכול תפקידי מבצעים ומודיעין_תצפיתנית בחיל האיסוף,13,0.0,0.01
אשכול תפקידי חינוך הוראה והדרכה_מדריכת נוער בסיס,20,0.0,0.01
"אשכול תפקידי ניהול משאבי אנוש_מש""קית משא""ן מילואים",17,0.0,0.01
"אשכול תפקידי ניהול משאבי אנוש_מש""קית משא""ן סדיר",30,0.0,0.01
אשכול תפקידי לוגיסטיקה ואחזקה_בוחנת תחמושת,3,0.0,0.0
אשכול תפקידי ארגון ומנהלה_בוחנת תחמושת,4,0.0,0.0
אשכול מקצועות תקשורת_המערך הטכני בחיל האו,3,0.0,0.0
הדרכה ופיקוד בכלל הזרועות_מדריכת חיל הלוגיסטיק,6,0.0,0.0
אשכול מקצועות תקשורת_אחראית תקשורת ימית מ,1,0.0,0.0
אשכול תפקידי מבצעים ומודיעין_חוקרת מודיעין ימי,6,0.0,0.0
אשכול תפקידי מבצעים ומודיעין_בקרית איסוף קרבי (שח,3,0.0,0.0
"אשכול מקצועות טכניים טכנולוגיים_מיזמי אלקטרוניקה (ח""",5,0.0,0.0
אשכול תפקידי ניהול משאבי אנוש_רכזת תנאי שירות,8,0.0,0.0
אשכול תפקידי לוגיסטיקה ואחזקה_בודקת ציוד אלקטרוניק,3,0.0,0.0
אשכול תפקידי לוגיסטיקה ואחזקה_נהגת בטחון שוטף,1,0.0,0.0
הדרכה ופיקוד בכלל הזרועות_מדריכת שר-אל,7,0.0,0.0
אשכול מקצועות טכניים טכנולוגיים_המערך הטכני בחיל האו,2,0.0,0.0
אשכול תפקידי לוגיסטיקה ואחזקה_משגיחת כשרות,2,0.0,0.0
מסלול ייעודי לקצונה_קצינת מנהלה בחיל האו,4,0.0,0.0
מסלול ייעודי לקצונה_קצינת פיקוד העורף,3,0.0,0.0
"אשכול תפקידי לוגיסטיקה ואחזקה_מש""קית לוגיסטיקה",10,0.0,0.0
"אשכול דוברות וקישור_מש""קית דוברות",6,0.0,0.0
"אשכול אבחון כוח אדם_מראיינת גחל""ת",2,0.0,0.0
אשכול תפקידי לוגיסטיקה ואחזקה_מאחזקת נשק קל,5,0.0,0.0
אשכול תפקידי לוגיסטיקה ואחזקה_ספקית אגף הטכנולוגיה,2,0.0,0.0
אשכול תפקידי ארגון ומנהלה_טכנאית אופטית,11,0.0,0.0
אשכול תפקידי לוגיסטיקה ואחזקה_אחראית ניהול מלאי,3,0.0,0.0
"אשכול תפקידי ניהול משאבי אנוש_רכזת ג""ל (גיוס לצה""ל",4,0.0,0.0
"אשכול תפקידי פקידות וסיוע_מש""קית מטה",8,0.0,0.0
"אשכול תפקידי פקידות וסיוע_מש""קית מתנדבים",8,0.0,0.0
אשכול תפקידי פקידות וסיוע_נציגת שירות,3,0.0,0.0
אשכול תפקידי פקידות וסיוע_פקידה,1,0.0,0.0
אשכול תפקידי ניהול משאבי אנוש_רכזת פניות ציבור,1,0.0,0.0
אשכול תפקידי ארגון ומנהלה_מערך המנהלה בחיל המו,1,0.0,0.0
אשכול תפקידי רפואה_חובשת,3,0.0,0.0
אשכול תפקידי ארגון ומנהלה_נהגת רכב קל,2,0.0,0.0
אשכול תפקידי לוגיסטיקה ואחזקה_מאחזקת מצנחים,1,0.0,0.0
אשכול תפקידי ארגון ומנהלה_נהגת בטחון שוטף,6,0.0,0.0
"אשכול תפקידי ניהול משאבי אנוש_מש""קית תכנון כ""א",1,0.0,0.0
"אשכול תפקידי ניהול משאבי אנוש_מש""קית נפגעים",1,0.0,0.0
אשכול תפקידי ארגון ומנהלה_מאבטחת מתקנים,3,0.0,0.0
אשכול תפקידי שיטור_אופנוענית שוטרת,1,0.0,0.0
אשכול תפקידי שיטור_חיילת בשירות בתי הסו,8,0.0,0.0
אשכול תפקידי שיטור_סיירת משמר הגבול (מג,4,0.0,0.0
אשכול תפקידי שיטור_רכזת מודיעין וחקירות,4,0.0,0.0
אשכול תפקידי חינוך הוראה והדרכה_רכזת חינוך וידיעת הא,2,0.0,0.0
אשכול תפקידי לוגיסטיקה ואחזקה_טכנאית אופטית,11,0.0,0.0
