max_job,total_students,mean_votes,ratio
אשכול תפקידי מבצעים ומודיעין_אשכול תפקידי חיל האו,1999,0.16,0.55
הדרכה ופיקוד בכלל הזרועות_אשכול אימון גופני,960,0.08,0.26
"הדרכה ופיקוד בכלל הזרועות_מדריכת יח""ש",784,0.06,0.21
"הדרכה ופיקוד בכלל הזרועות_מדריכת סימולטור בחה""",604,0.05,0.17
אשכול תפקידי חינוך הוראה והדרכה_אשכול תפקידי חונכות,575,0.05,0.16
תפקידי לחימה_באיזו מידה תרצי לשרת,548,0.04,0.15
הדרכה ופיקוד בכלל הזרועות_מפקדת כיתת טירונים,502,0.04,0.14
הדרכה ופיקוד בכלל הזרועות_מדריכת סימולטור בחיל,472,0.04,0.13
אשכול תפקידי רפואה_חובשת קדמית,468,0.04,0.13
הדרכה ופיקוד בכלל הזרועות_מדריכת אימונים קרביי,384,0.03,0.11
הדרכה ופיקוד בכלל הזרועות_מדריכת קרב מגע,377,0.03,0.1
אשכול תפקידי מבצעים ומודיעין_עובדת חדר מבצעים,313,0.03,0.09
אשכול תפקידי רפואה_פרמדיקית,273,0.02,0.07
הדרכה ופיקוד בכלל הזרועות_מדריכת פיקוד העורף,209,0.02,0.06
הדרכה ופיקוד בכלל הזרועות_מדריכת הגנה אווירית,220,0.02,0.06
תפקידי לחימה_לוחמת ימית,216,0.02,0.06
אשכול אבחון כוח אדם_מאבחנת מדעי התנהגות,167,0.01,0.05
אשכול אבחון כוח אדם_המערך הפסיכוטכני,192,0.02,0.05
אשכול תפקידי ארגון ומנהלה_מנהלה תעופה וסביבת,190,0.02,0.05
אשכול תפקידי פקידות וסיוע_שרטטת גרפיקאית,161,0.01,0.04
אשכול תפקידי חינוך הוראה והדרכה_מורה חיילת,133,0.01,0.04
מסלול ייעודי לקצונה_קצינת תקשוב קרבי (קש,144,0.01,0.04
אשכול תפקידי פקידות וסיוע_חיילת במשרד הביטחון,161,0.01,0.04
אשכול תפקידי מבצעים ומודיעין_רכזת ביטחון מידע,101,0.01,0.03
"אשכול דוברות וקישור_מש""קית קישור לכוחות",126,0.01,0.03
"אשכול תפקידי ניהול משאבי אנוש_מש""קית משא""ן סדיר",96,0.01,0.03
אשכול תפקידי רפואה_מדריכת חיל הרפואה,126,0.01,0.03
הדרכה ופיקוד בכלל הזרועות_חונכת מקצועית,64,0.01,0.02
"אשכול תפקידי רפואה_מש""קית שירותי רפואה",65,0.01,0.02
"אשכול תפקידי שיטור_חיילת משטרה (שח""ם)",87,0.01,0.02
אשכול תפקידי מבצעים ומודיעין_בקרית שליטה ימית,88,0.01,0.02
"אשכול מקצועות טכניים טכנולוגיים_מפעילת קש""ב טקטי",59,0.0,0.02
אשכול מקצועות טכניים טכנולוגיים_מנוענית/ימאית,69,0.01,0.02
הדרכה ופיקוד בכלל הזרועות_מדריכת חיל התקשוב,81,0.01,0.02
"הדרכה ופיקוד בכלל הזרועות_מדריכת שו""ב",80,0.01,0.02
תפקידי לחימה_חובלים,64,0.01,0.02
אשכול תפקידי ארגון ומנהלה_נהגת בטחון שוטף,23,0.0,0.01
אשכול תפקידי רפואה_עובדת מעבדה רפואית,29,0.0,0.01
אשכול תפקידי פקידות וסיוע_רשמת משפטית,49,0.0,0.01
אשכול תפקידי פקידות וסיוע_פקידה,25,0.0,0.01
אשכול תפקידי רפואה_סייעת רופא שיניים,37,0.0,0.01
אשכול תפקידי שיטור_לוחמת מעברים,27,0.0,0.01
אשכול תפקידי שיטור_אבטחת אישים בכירים,53,0.0,0.01
אשכול תפקידי שיטור_חיילת בשירות בתי הסו,41,0.0,0.01
אשכול תפקידי שיטור_סיירת משמר הגבול (מג,38,0.0,0.01
אשכול תפקידי שיטור_שוטרת צבאית,33,0.0,0.01
הדרכה ופיקוד בכלל הזרועות_מדריכת erp,35,0.0,0.01
הדרכה ופיקוד בכלל הזרועות_מדריכת חיל הלוגיסטיק,23,0.0,0.01
מסלול ייעודי לקצונה_קצינת תקשוב מערכתי,53,0.0,0.01
"אשכול תפקידי פקידות וסיוע_מש""קית מתנדבים",52,0.0,0.01
אשכול תפקידי ארגון ומנהלה_נהגת רכב קל,21,0.0,0.01
אשכול תפקידי מקצועות המחשב_חיילת מקצועות המחשוב,46,0.0,0.01
אשכול תפקידי חינוך הוראה והדרכה_מדריכת נוער בסיס,52,0.0,0.01
אשכול תפקידי ניהול משאבי אנוש_רכזת מידע,21,0.0,0.01
"אשכול תפקידי ניהול משאבי אנוש_מש""קית משא""ן מילואים",33,0.0,0.01
אשכול תפקידי מקצועות המחשב_חיילת מקצועות התקשוב,30,0.0,0.01
אשכול תפקידי מבצעים ומודיעין_תצפיתנית בחיל האיסוף,26,0.0,0.01
אשכול תפקידי לוגיסטיקה ואחזקה_בודקת ציוד אלקטרוניק,4,0.0,0.0
אשכול תפקידי לוגיסטיקה ואחזקה_מאחזקת מצנחים,3,0.0,0.0
אשכול תפקידי לוגיסטיקה ואחזקה_טכנאית אופטית,10,0.0,0.0
"אשכול מקצועות טכניים טכנולוגיים_מיזמי אלקטרוניקה (ח""",1,0.0,0.0
אשכול מקצועות טכניים טכנולוגיים_המערך הטכני בחיל הטכ,16,0.0,0.0
אשכול מקצועות טכניים טכנולוגיים_המערך הטכני בחיל האו,16,0.0,0.0
אשכול דוברות וקישור_נציגת שירות,4,0.0,0.0
אשכול תפקידי לוגיסטיקה ואחזקה_בוחנת תחמושת,3,0.0,0.0
"אשכול תפקידי פקידות וסיוע_מש""קית מטה",13,0.0,0.0
הדרכה ופיקוד בכלל הזרועות_מדריכת שר-אל,15,0.0,0.0
"אשכול דוברות וקישור_מש""קית דוברות",3,0.0,0.0
"אשכול תפקידי לוגיסטיקה ואחזקה_מש""קית לוגיסטיקה",10,0.0,0.0
מסלול ייעודי לקצונה_קצינה בחיל הטכנולוגי,14,0.0,0.0
מסלול ייעודי לקצונה_קצינת מנהלה בחיל האו,4,0.0,0.0
מסלול ייעודי לקצונה_קצינת פיקוד העורף,6,0.0,0.0
אשכול תפקידי לוגיסטיקה ואחזקה_אחראית ניהול מלאי,7,0.0,0.0
אשכול תפקידי חינוך הוראה והדרכה_רכזת חינוך וידיעת הא,5,0.0,0.0
"אשכול אבחון כוח אדם_מראיינת גחל""ת",2,0.0,0.0
אשכול תפקידי לוגיסטיקה ואחזקה_מאחזקת נשק קל,11,0.0,0.0
אשכול תפקידי לוגיסטיקה ואחזקה_נהגת בטחון שוטף,17,0.0,0.0
אשכול תפקידי לוגיסטיקה ואחזקה_משגיחת כשרות,9,0.0,0.0
הדרכה ופיקוד בכלל הזרועות_מדריכה בחיל הטכנולוג,6,0.0,0.0
אשכול תפקידי פקידות וסיוע_נציגת שירות,9,0.0,0.0
אשכול תפקידי ארגון ומנהלה_מאבטחת מתקנים,8,0.0,0.0
אשכול תפקידי פקידות וסיוע_פקידת לשכה (מזכירה),4,0.0,0.0
"אשכול תפקידי ניהול משאבי אנוש_רכזת ג""ל (גיוס לצה""ל",11,0.0,0.0
אשכול תפקידי רפואה_חובשת,7,0.0,0.0
אשכול תפקידי ארגון ומנהלה_טכנאית אופטית,17,0.0,0.0
"אשכול תפקידי ניהול משאבי אנוש_מש""קית נפגעים",4,0.0,0.0
אשכול תפקידי ארגון ומנהלה_בוחנת תחמושת,5,0.0,0.0
אשכול תפקידי מקצועות המחשב_אשכול מקצועות המחשב,6,0.0,0.0
אשכול תפקידי שיטור_אופנוענית שוטרת,3,0.0,0.0
אשכול תפקידי מבצעים ומודיעין_חוקרת מודיעין ימי,5,0.0,0.0
אשכול תפקידי מבצעים ומודיעין_בקרית איסוף קרבי (שח,8,0.0,0.0
אשכול תפקידי ארגון ומנהלה_מערך המנהלה בחיל המו,5,0.0,0.0
אשכול תפקידי שיטור_רכזת מודיעין וחקירות,7,0.0,0.0
אשכול תפקידי לוגיסטיקה ואחזקה_ספקית אגף הטכנולוגיה,3,0.0,0.0
אשכול מקצועות תקשורת_המערך הטכני בחיל האו,3,0.0,0.0
אשכול תפקידי ניהול משאבי אנוש_רכזת תנאי שירות,12,0.0,0.0
אשכול תפקידי ניהול משאבי אנוש_רכזת פניות ציבור,3,0.0,0.0
