max_job,total_students,mean_votes,ratio
אשכול תפקידי מקצועות המחשב_אשכול מקצועות המחשב,629,0.13,0.56
אשכול תפקידי מבצעים ומודיעין_אשכול תפקידי חיל האו,631,0.13,0.56
אשכול תפקידי מקצועות המחשב_חיילת מקצועות המחשוב,340,0.07,0.3
אשכול תפקידי מקצועות המחשב_חיילת מקצועות התקשוב,240,0.05,0.21
הדרכה ופיקוד בכלל הזרועות_אשכול אימון גופני,184,0.04,0.16
"הדרכה ופיקוד בכלל הזרועות_מדריכת סימולטור בחה""",169,0.03,0.15
הדרכה ופיקוד בכלל הזרועות_מדריכת חיל התקשוב,162,0.03,0.14
מסלול ייעודי לקצונה_קצינת תקשוב מערכתי,147,0.03,0.13
אשכול תפקידי מבצעים ומודיעין_עובדת חדר מבצעים,125,0.03,0.11
אשכול תפקידי מבצעים ומודיעין_רכזת ביטחון מידע,120,0.02,0.11
אשכול תפקידי פקידות וסיוע_חיילת במשרד הביטחון,101,0.02,0.09
אשכול תפקידי פקידות וסיוע_שרטטת גרפיקאית,105,0.02,0.09
הדרכה ופיקוד בכלל הזרועות_מפקדת כיתת טירונים,86,0.02,0.08
הדרכה ופיקוד בכלל הזרועות_מדריכת אימונים קרביי,85,0.02,0.08
אשכול תפקידי ארגון ומנהלה_מנהלה תעופה וסביבת,83,0.02,0.07
אשכול תפקידי רפואה_חובשת קדמית,83,0.02,0.07
אשכול אבחון כוח אדם_המערך הפסיכוטכני,75,0.02,0.07
הדרכה ופיקוד בכלל הזרועות_מדריכת סימולטור בחיל,77,0.02,0.07
תפקידי לחימה_באיזו מידה תרצי לשרת,77,0.02,0.07
מסלול ייעודי לקצונה_קצינת תקשוב קרבי (קש,78,0.02,0.07
הדרכה ופיקוד בכלל הזרועות_מדריכת קרב מגע,83,0.02,0.07
הדרכה ופיקוד בכלל הזרועות_מדריכת erp,55,0.01,0.05
אשכול תפקידי חינוך הוראה והדרכה_אשכול תפקידי חונכות,59,0.01,0.05
אשכול תפקידי רפואה_פרמדיקית,52,0.01,0.05
אשכול תפקידי מבצעים ומודיעין_בקרית שליטה ימית,54,0.01,0.05
"אשכול מקצועות טכניים טכנולוגיים_מפעילת קש""ב טקטי",56,0.01,0.05
הדרכה ופיקוד בכלל הזרועות_מדריכת פיקוד העורף,56,0.01,0.05
"הדרכה ופיקוד בכלל הזרועות_מדריכת יח""ש",59,0.01,0.05
אשכול אבחון כוח אדם_מאבחנת מדעי התנהגות,53,0.01,0.05
"אשכול דוברות וקישור_מש""קית קישור לכוחות",49,0.01,0.04
הדרכה ופיקוד בכלל הזרועות_מדריכת הגנה אווירית,43,0.01,0.04
אשכול תפקידי רפואה_מדריכת חיל הרפואה,40,0.01,0.04
"הדרכה ופיקוד בכלל הזרועות_מדריכת שו""ב",34,0.01,0.03
"אשכול תפקידי ניהול משאבי אנוש_מש""קית משא""ן סדיר",32,0.01,0.03
אשכול תפקידי רפואה_סייעת רופא שיניים,29,0.01,0.03
"אשכול תפקידי שיטור_חיילת משטרה (שח""ם)",30,0.01,0.03
אשכול תפקידי פקידות וסיוע_רשמת משפטית,31,0.01,0.03
תפקידי לחימה_לוחמת ימית,39,0.01,0.03
הדרכה ופיקוד בכלל הזרועות_חונכת מקצועית,22,0.0,0.02
אשכול תפקידי ארגון ומנהלה_טכנאית אופטית,20,0.0,0.02
אשכול תפקידי רפואה_עובדת מעבדה רפואית,20,0.0,0.02
אשכול תפקידי לוגיסטיקה ואחזקה_טכנאית אופטית,26,0.01,0.02
אשכול תפקידי חינוך הוראה והדרכה_מורה חיילת,27,0.01,0.02
אשכול תפקידי חינוך הוראה והדרכה_מדריכת נוער בסיס,18,0.0,0.02
אשכול תפקידי שיטור_סיירת משמר הגבול (מג,17,0.0,0.02
"אשכול תפקידי רפואה_מש""קית שירותי רפואה",25,0.01,0.02
אשכול תפקידי ניהול משאבי אנוש_רכזת מידע,25,0.01,0.02
אשכול מקצועות טכניים טכנולוגיים_מנוענית/ימאית,23,0.0,0.02
מסלול ייעודי לקצונה_קצינה בחיל הטכנולוגי,24,0.0,0.02
הדרכה ופיקוד בכלל הזרועות_מדריכת חיל הלוגיסטיק,7,0.0,0.01
הדרכה ופיקוד בכלל הזרועות_מדריכה בחיל הטכנולוג,14,0.0,0.01
אשכול תפקידי לוגיסטיקה ואחזקה_אחראית ניהול מלאי,9,0.0,0.01
אשכול תפקידי ארגון ומנהלה_נהגת רכב קל,8,0.0,0.01
אשכול תפקידי שיטור_שוטרת צבאית,10,0.0,0.01
אשכול מקצועות טכניים טכנולוגיים_המערך הטכני בחיל הטכ,15,0.0,0.01
אשכול תפקידי שיטור_חיילת בשירות בתי הסו,16,0.0,0.01
אשכול תפקידי שיטור_אבטחת אישים בכירים,11,0.0,0.01
אשכול מקצועות טכניים טכנולוגיים_המערך הטכני בחיל האו,9,0.0,0.01
תפקידי לחימה_חובלים,10,0.0,0.01
אשכול תפקידי מבצעים ומודיעין_תצפיתנית בחיל האיסוף,12,0.0,0.01
אשכול תפקידי שיטור_לוחמת מעברים,9,0.0,0.01
אשכול תפקידי לוגיסטיקה ואחזקה_בודקת ציוד אלקטרוניק,10,0.0,0.01
אשכול תפקידי פקידות וסיוע_פקידה,8,0.0,0.01
"אשכול תפקידי ניהול משאבי אנוש_מש""קית משא""ן מילואים",13,0.0,0.01
"אשכול תפקידי לוגיסטיקה ואחזקה_מש""קית לוגיסטיקה",12,0.0,0.01
"אשכול תפקידי פקידות וסיוע_מש""קית מטה",9,0.0,0.01
אשכול תפקידי פקידות וסיוע_נציגת שירות,6,0.0,0.01
"אשכול תפקידי פקידות וסיוע_מש""קית מתנדבים",16,0.0,0.01
מסלול ייעודי לקצונה_קצינת פיקוד העורף,1,0.0,0.0
אשכול דוברות וקישור_נציגת שירות,3,0.0,0.0
אשכול מקצועות תקשורת_אחראית תקשורת ימית מ,1,0.0,0.0
"אשכול דוברות וקישור_מש""קית דוברות",2,0.0,0.0
"אשכול אבחון כוח אדם_מראיינת גחל""ת",1,0.0,0.0
מסלול ייעודי לקצונה_קצינת מנהלה בחיל האו,1,0.0,0.0
אשכול תפקידי לוגיסטיקה ואחזקה_ספקית אגף הטכנולוגיה,4,0.0,0.0
אשכול תפקידי מבצעים ומודיעין_בקרית איסוף קרבי (שח,2,0.0,0.0
הדרכה ופיקוד בכלל הזרועות_מדריכת שר-אל,3,0.0,0.0
אשכול תפקידי לוגיסטיקה ואחזקה_נהגת בטחון שוטף,5,0.0,0.0
"אשכול מקצועות טכניים טכנולוגיים_מיזמי אלקטרוניקה (ח""",3,0.0,0.0
"אשכול תפקידי ניהול משאבי אנוש_רכזת ג""ל (גיוס לצה""ל",3,0.0,0.0
אשכול תפקידי ניהול משאבי אנוש_רכזת פניות ציבור,2,0.0,0.0
אשכול מקצועות תקשורת_המערך הטכני בחיל האו,4,0.0,0.0
אשכול תפקידי ארגון ומנהלה_בוחנת תחמושת,3,0.0,0.0
אשכול תפקידי רפואה_חובשת,2,0.0,0.0
אשכול תפקידי לוגיסטיקה ואחזקה_משגיחת כשרות,5,0.0,0.0
אשכול תפקידי ארגון ומנהלה_מאבטחת מתקנים,4,0.0,0.0
אשכול תפקידי ארגון ומנהלה_מערך המנהלה בחיל המו,1,0.0,0.0
אשכול תפקידי ארגון ומנהלה_נהגת בטחון שוטף,4,0.0,0.0
אשכול תפקידי שיטור_רכזת מודיעין וחקירות,2,0.0,0.0
אשכול תפקידי מבצעים ומודיעין_חוקרת מודיעין ימי,4,0.0,0.0
אשכול תפקידי פקידות וסיוע_פקידת לשכה (מזכירה),1,0.0,0.0
אשכול תפקידי לוגיסטיקה ואחזקה_מאחזקת נשק קל,4,0.0,0.0
אשכול תפקידי לוגיסטיקה ואחזקה_מאחזקת מצנחים,3,0.0,0.0
אשכול תפקידי ניהול משאבי אנוש_רכזת תנאי שירות,2,0.0,0.0
