max_job,total_students,mean_votes,ratio
אשכול תפקידי מבצעים ומודיעין_אשכול תפקידי חיל האו,11539,0.14,0.45
הדרכה ופיקוד בכלל הזרועות_אשכול אימון גופני,6263,0.07,0.24
תפקידי לחימה_באיזו מידה תרצי לשרת,4076,0.05,0.16
"הדרכה ופיקוד בכלל הזרועות_מדריכת יח""ש",3660,0.04,0.14
"הדרכה ופיקוד בכלל הזרועות_מדריכת סימולטור בחה""",3247,0.04,0.13
אשכול תפקידי מקצועות המחשב_אשכול מקצועות המחשב,3445,0.04,0.13
הדרכה ופיקוד בכלל הזרועות_מפקדת כיתת טירונים,3205,0.04,0.12
אשכול תפקידי חינוך הוראה והדרכה_אשכול תפקידי חונכות,2896,0.03,0.11
הדרכה ופיקוד בכלל הזרועות_מדריכת קרב מגע,2488,0.03,0.1
אשכול תפקידי רפואה_חובשת קדמית,2502,0.03,0.1
אשכול תפקידי פקידות וסיוע_חיילת במשרד הביטחון,2457,0.03,0.09
הדרכה ופיקוד בכלל הזרועות_מדריכת סימולטור בחיל,2432,0.03,0.09
הדרכה ופיקוד בכלל הזרועות_מדריכת אימונים קרביי,2283,0.03,0.09
אשכול תפקידי מבצעים ומודיעין_עובדת חדר מבצעים,1922,0.02,0.07
אשכול תפקידי ארגון ומנהלה_מנהלה תעופה וסביבת,1525,0.02,0.06
אשכול תפקידי מבצעים ומודיעין_רכזת ביטחון מידע,1234,0.01,0.05
אשכול תפקידי פקידות וסיוע_שרטטת גרפיקאית,1295,0.02,0.05
תפקידי לחימה_לוחמת ימית,1381,0.02,0.05
אשכול תפקידי רפואה_פרמדיקית,1398,0.02,0.05
הדרכה ופיקוד בכלל הזרועות_מדריכת פיקוד העורף,1287,0.02,0.05
אשכול תפקידי שיטור_חיילת בשירות בתי הסו,912,0.01,0.04
"אשכול תפקידי שיטור_חיילת משטרה (שח""ם)",1111,0.01,0.04
אשכול אבחון כוח אדם_מאבחנת מדעי התנהגות,917,0.01,0.04
אשכול תפקידי מקצועות המחשב_חיילת מקצועות המחשוב,927,0.01,0.04
הדרכה ופיקוד בכלל הזרועות_מדריכת הגנה אווירית,1100,0.01,0.04
הדרכה ופיקוד בכלל הזרועות_מדריכת חיל התקשוב,914,0.01,0.04
אשכול תפקידי שיטור_סיירת משמר הגבול (מג,1164,0.01,0.04
אשכול אבחון כוח אדם_המערך הפסיכוטכני,1054,0.01,0.04
אשכול תפקידי חינוך הוראה והדרכה_מורה חיילת,784,0.01,0.03
אשכול תפקידי רפואה_מדריכת חיל הרפואה,721,0.01,0.03
מסלול ייעודי לקצונה_קצינת תקשוב קרבי (קש,767,0.01,0.03
"אשכול תפקידי ניהול משאבי אנוש_מש""קית משא""ן סדיר",892,0.01,0.03
"אשכול דוברות וקישור_מש""קית קישור לכוחות",795,0.01,0.03
"אשכול תפקידי פקידות וסיוע_מש""קית מתנדבים",655,0.01,0.03
אשכול תפקידי מבצעים ומודיעין_בקרית שליטה ימית,635,0.01,0.02
אשכול תפקידי מקצועות המחשב_חיילת מקצועות התקשוב,488,0.01,0.02
אשכול תפקידי חינוך הוראה והדרכה_מדריכת נוער בסיס,476,0.01,0.02
הדרכה ופיקוד בכלל הזרועות_מדריכת erp,402,0.0,0.02
"אשכול מקצועות טכניים טכנולוגיים_מפעילת קש""ב טקטי",459,0.01,0.02
"אשכול תפקידי רפואה_מש""קית שירותי רפואה",642,0.01,0.02
אשכול מקצועות טכניים טכנולוגיים_מנוענית/ימאית,451,0.01,0.02
"הדרכה ופיקוד בכלל הזרועות_מדריכת שו""ב",476,0.01,0.02
מסלול ייעודי לקצונה_קצינת תקשוב מערכתי,604,0.01,0.02
אשכול תפקידי פקידות וסיוע_פקידה,543,0.01,0.02
הדרכה ופיקוד בכלל הזרועות_מדריכת חיל הלוגיסטיק,130,0.0,0.01
אשכול מקצועות טכניים טכנולוגיים_המערך הטכני בחיל הטכ,132,0.0,0.01
אשכול מקצועות טכניים טכנולוגיים_המערך הטכני בחיל האו,223,0.0,0.01
הדרכה ופיקוד בכלל הזרועות_חונכת מקצועית,258,0.0,0.01
מסלול ייעודי לקצונה_קצינה בחיל הטכנולוגי,149,0.0,0.01
אשכול תפקידי שיטור_שוטרת צבאית,343,0.0,0.01
אשכול תפקידי שיטור_לוחמת מעברים,213,0.0,0.01
אשכול תפקידי שיטור_אבטחת אישים בכירים,191,0.0,0.01
אשכול תפקידי רפואה_עובדת מעבדה רפואית,172,0.0,0.01
אשכול תפקידי רפואה_סייעת רופא שיניים,336,0.0,0.01
תפקידי לחימה_חובלים,290,0.0,0.01
אשכול תפקידי פקידות וסיוע_רשמת משפטית,327,0.0,0.01
אשכול תפקידי ניהול משאבי אנוש_רכזת מידע,170,0.0,0.01
אשכול תפקידי מבצעים ומודיעין_תצפיתנית בחיל האיסוף,226,0.0,0.01
אשכול תפקידי לוגיסטיקה ואחזקה_נהגת בטחון שוטף,212,0.0,0.01
אשכול תפקידי לוגיסטיקה ואחזקה_טכנאית אופטית,137,0.0,0.01
אשכול תפקידי ארגון ומנהלה_נהגת רכב קל,184,0.0,0.01
אשכול תפקידי לוגיסטיקה ואחזקה_מאחזקת נשק קל,136,0.0,0.01
"אשכול תפקידי ניהול משאבי אנוש_מש""קית משא""ן מילואים",272,0.0,0.01
אשכול תפקידי לוגיסטיקה ואחזקה_אחראית ניהול מלאי,166,0.0,0.01
אשכול תפקידי ארגון ומנהלה_נהגת בטחון שוטף,203,0.0,0.01
"אשכול תפקידי לוגיסטיקה ואחזקה_מש""קית לוגיסטיקה",221,0.0,0.01
אשכול תפקידי מבצעים ומודיעין_חוקרת מודיעין ימי,31,0.0,0.0
אשכול תפקידי מבצעים ומודיעין_בקרית איסוף קרבי (שח,68,0.0,0.0
"אשכול מקצועות טכניים טכנולוגיים_מיזמי אלקטרוניקה (ח""",17,0.0,0.0
אשכול תפקידי לוגיסטיקה ואחזקה_ספקית אגף הטכנולוגיה,94,0.0,0.0
אשכול דוברות וקישור_נציגת שירות,39,0.0,0.0
"אשכול תפקידי פקידות וסיוע_מש""קית מטה",107,0.0,0.0
אשכול תפקידי לוגיסטיקה ואחזקה_משגיחת כשרות,129,0.0,0.0
הדרכה ופיקוד בכלל הזרועות_מדריכת שר-אל,79,0.0,0.0
אשכול תפקידי חינוך הוראה והדרכה_רכזת חינוך וידיעת הא,14,0.0,0.0
"מסלול ייעודי לקצונה_קצינת לוגיסטיקה (""חץ",1,0.0,0.0
מסלול ייעודי לקצונה_קצינת מנהלה בחיל האו,17,0.0,0.0
מסלול ייעודי לקצונה_קצינת פיקוד העורף,13,0.0,0.0
מסלול ייעודי לקצונה_קצינת שלישות בחיל מש,9,0.0,0.0
אשכול תפקידי לוגיסטיקה ואחזקה_מאחזקת מצנחים,68,0.0,0.0
"אשכול אבחון כוח אדם_מראיינת גחל""ת",9,0.0,0.0
"אשכול דוברות וקישור_מש""קית דוברות",25,0.0,0.0
הדרכה ופיקוד בכלל הזרועות_מדריכה בחיל הטכנולוג,102,0.0,0.0
אשכול מקצועות תקשורת_אחראית תקשורת ימית מ,12,0.0,0.0
"אשכול תפקידי ניהול משאבי אנוש_רכזת ג""ל (גיוס לצה""ל",67,0.0,0.0
אשכול תפקידי ארגון ומנהלה_מערך המנהלה בחיל המו,32,0.0,0.0
אשכול תפקידי פקידות וסיוע_פקידת לשכה (מזכירה),11,0.0,0.0
אשכול תפקידי ניהול משאבי אנוש_רכזת תנאי שירות,67,0.0,0.0
אשכול תפקידי ארגון ומנהלה_מערך המנהלה באגף טכנ,1,0.0,0.0
אשכול תפקידי רפואה_חובשת,22,0.0,0.0
אשכול תפקידי ארגון ומנהלה_מאבטחת מתקנים,81,0.0,0.0
אשכול תפקידי ניהול משאבי אנוש_רכזת פניות ציבור,44,0.0,0.0
אשכול תפקידי לוגיסטיקה ואחזקה_בוחנת תחמושת,48,0.0,0.0
אשכול תפקידי ארגון ומנהלה_מאבטחת אסטרטגית במתק,2,0.0,0.0
אשכול תפקידי פקידות וסיוע_נציגת שירות,99,0.0,0.0
"אשכול תפקידי ניהול משאבי אנוש_מש""קית תכנון כ""א",2,0.0,0.0
אשכול תפקידי שיטור_אופנוענית שוטרת,20,0.0,0.0
אשכול תפקידי ארגון ומנהלה_טכנאית אופטית,126,0.0,0.0
אשכול תפקידי ארגון ומנהלה_בוחנת תחמושת,30,0.0,0.0
"אשכול תפקידי ניהול משאבי אנוש_מש""קית נפגעים",13,0.0,0.0
אשכול מקצועות תקשורת_טכנאית דיגיטל מבצעית,1,0.0,0.0
אשכול תפקידי שיטור_רכזת מודיעין וחקירות,58,0.0,0.0
אשכול מקצועות תקשורת_המערך הטכני בחיל האו,84,0.0,0.0
אשכול תפקידי לוגיסטיקה ואחזקה_בודקת ציוד אלקטרוניק,43,0.0,0.0
